<resources>
  <string name="app_name">Navigation codelab - Xamarin</string>

  <!-- Menu strings -->
  <string name="shopping_cart">Shopping Cart</string>
  <string name="settings">Settings</string>
  <string name="home">Home</string>
  <string name="deeplink">Deep Link</string>

  <string name="action_privacy_policy">Privacy Policy</string>
  <string name="action_google_sign_in">Google Sign In</string>

  <!-- Screen strings -->
  <string name="step_one">Step One</string>
  <string name="step_two">Step Two</string>
  <string name="deep_link_instructions">Type your deep link args</string>
  <string name="settings_fragment_text">Settings Fragment</string>
  <string name="shopping_fragment_text">Shopping Fragment</string>
  <string name="navigate_destination_button">Navigate to destination</string>
  <string name="navigate_action_button">Navigate with action</string>
  <string name="next_step_button">Navigate next step</string>
  <string name="finish_button">Finish Flow</string>
  <string name="send_deep_link_notification_button">Send deep link notification</string>

  <!--GoogleSignInFragment-->
  <string name="google_sign_in_fragment_text">Google Sign In</string>
  <!--GoogleSignInFragment-->

  <string name ="internetConnectionRequired">
    No Internet Connection - Connection Required
  </string>
  <string name="internetRequiredGoogleSignIn">
    To Sign In to Google requires an internet connection
  </string>
  <string name ="internetRequiredExplanationEvaluation">
    Before you can use the evaluation version of PRODUCT NAME, you will need to obtain an evaluation license from our server.
    \n\nTo contact our server requires an internet connection.
    \n\nPlease ensure that you have an internet connection before attempting to obtain an evaluation license.
    \n\nYou may prefer to have Internet Network Connectivity always displayed on the Connection screen, by changing the setting to on via the the Settings menu.
  </string>
  <!--InternetRequiredDialogFragmnet-->

</resources>
