﻿<?xml version="1.0" encoding="utf-8" ?>
<resources xmlns:tools="http://schemas.android.com/tools">

	<!--RED BMW LIGHT THEME-->
	<style name="Theme.NavigationGraph.RedBmw" parent="Theme.NavigationGraph.RedBmw.Base">


		<item name="colorPrimary">@color/red_bmw_light_primary</item>
		<item name="colorOnPrimary">@color/red_bmw_light_onPrimary</item>
		<item name="colorPrimaryContainer">@color/red_bmw_light_primaryContainer</item>
		<item name="colorOnPrimaryContainer">@color/red_bmw_light_onPrimaryContainer</item>

		<item name="colorSecondary">@color/red_bmw_light_secondary</item>
		<item name="colorOnSecondary">@color/red_bmw_light_onSecondary</item>
		<item name="colorSecondaryContainer">@color/red_bmw_light_secondaryContainer</item>
		<item name="colorOnSecondaryContainer">@color/red_bmw_light_onSecondaryContainer</item>

		<item name="colorTertiary">@color/red_bmw_light_tertiary</item>
		<item name="colorOnTertiary">@color/red_bmw_light_onTertiary</item>
		<item name="colorTertiaryContainer">@color/red_bmw_light_tertiaryContainer</item>
		<item name="colorOnTertiaryContainer">@color/red_bmw_light_onTertiaryContainer</item>

		<item name="colorError">@color/red_bmw_light_error</item>
		<item name="colorErrorContainer">@color/red_bmw_light_errorContainer</item>
		<item name="colorOnError">@color/red_bmw_light_onError</item>
		<item name="colorOnErrorContainer">@color/red_bmw_light_onErrorContainer</item>

		<item name="android:colorBackground">@color/red_bmw_light_background</item>
		<item name="colorOnBackground">@color/red_bmw_light_onBackground</item>

		<item name="colorSurface">@color/red_bmw_light_surface</item>
		<item name="colorOnSurface">@color/red_bmw_light_onSurface</item>
		<item name="colorSurfaceVariant">@color/red_bmw_light_surfaceVariant</item>
		<item name="colorOnSurfaceVariant">@color/red_bmw_light_onSurfaceVariant</item>
		<item name="colorOutline">@color/red_bmw_light_outline</item>
		<item name="colorOnSurfaceInverse">@color/red_bmw_light_inverseOnSurface</item>
		<item name="colorSurfaceInverse">@color/red_bmw_light_inverseSurface</item>
		<item name="colorPrimaryInverse">@color/red_bmw_light_inversePrimary</item>

		

	</style>


	<style name="Theme.NavigationGraph.RedBmw.Base" parent="Theme.Material3.Light.NoActionBar">

		<!--NavigationBar-->
		<item name="android:windowLightNavigationBar">true</item>
		<item name="android:navigationBarColor">#80FFFFFF</item>

		<!--Vehicle Image-->
		<item name="vehicle_image">@drawable/bmw5</item>

		<!--colorPagerIndicator-->
		<item name ="colorPagerIndicator">@color/black</item>
		
		<!--AlertDialogRoundedCornersTheme style-->
		<item name="materialAlertDialogTheme">@style/AlertDialogRoundedCornersTheme</item>

	</style>
	<!--END OF RED BMW THEME-->


	<!--BLUE AUDI LITE THEME-->
	<style name="Theme.NavigationGraph.BlueAudi" parent="Theme.NavigationGraph.BlueAudi.Base">

		<item name="colorPrimary">@color/blue_audi_light_primary</item>
		<item name="colorOnPrimary">@color/blue_audi_light_onPrimary</item>
		<item name="colorPrimaryContainer">@color/blue_audi_light_primaryContainer</item>
		<item name="colorOnPrimaryContainer">@color/blue_audi_light_onPrimaryContainer</item>
		<item name="colorSecondary">@color/blue_audi_light_secondary</item>
		<item name="colorOnSecondary">@color/blue_audi_light_onSecondary</item>
		<item name="colorSecondaryContainer">@color/blue_audi_light_secondaryContainer</item>
		<item name="colorOnSecondaryContainer">@color/blue_audi_light_onSecondaryContainer</item>
		<item name="colorTertiary">@color/blue_audi_light_tertiary</item>
		<item name="colorOnTertiary">@color/blue_audi_light_onTertiary</item>
		<item name="colorTertiaryContainer">@color/blue_audi_light_tertiaryContainer</item>
		<item name="colorOnTertiaryContainer">@color/blue_audi_light_onTertiaryContainer</item>
		<item name="colorError">@color/blue_audi_light_error</item>
		<item name="colorErrorContainer">@color/blue_audi_light_errorContainer</item>
		<item name="colorOnError">@color/blue_audi_light_onError</item>
		<item name="colorOnErrorContainer">@color/blue_audi_light_onErrorContainer</item>
		<item name="android:colorBackground">@color/blue_audi_light_background</item>
		<item name="colorOnBackground">@color/blue_audi_light_onBackground</item>
		<item name="colorSurface">@color/blue_audi_light_surface</item>
		<item name="colorOnSurface">@color/blue_audi_light_onSurface</item>
		<item name="colorSurfaceVariant">@color/blue_audi_light_surfaceVariant</item>
		<item name="colorOnSurfaceVariant">@color/blue_audi_light_onSurfaceVariant</item>
		<item name="colorOutline">@color/blue_audi_light_outline</item>
		<item name="colorOnSurfaceInverse">@color/blue_audi_light_inverseOnSurface</item>
		<item name="colorSurfaceInverse">@color/blue_audi_light_inverseSurface</item>
		<item name="colorPrimaryInverse">@color/blue_audi_light_inversePrimary</item>

	</style>

	<style name="Theme.NavigationGraph.BlueAudi.Base" parent="Theme.Material3.Light.NoActionBar">

		<!--NavigationBar-->
		<item name="android:windowLightNavigationBar">true</item>
		<item name="android:navigationBarColor">#80FFFFFF</item>

		<!--Vehicle Image-->
		<item name="vehicle_image">@drawable/audi_blue</item>

		<!--colorPagerIndicator-->
		<item name ="colorPagerIndicator">@color/black</item>
		
		<!--AlertDialogRoundedCornersTheme style-->
		<item name="materialAlertDialogTheme">@style/AlertDialogRoundedCornersTheme</item>

	</style>
	<!--END OF BLUE AUDI LITE THEME-->


	<!--GREEN BMW LITE THEME-->
	<style name="Theme.NavigationGraph.GreenBmw" parent="Theme.NavigationGraph.GreenBmw.Base">


		<item name="colorPrimary">@color/green_bmw_light_primary</item>
		<item name="colorOnPrimary">@color/green_bmw_light_onPrimary</item>
		<item name="colorPrimaryContainer">@color/green_bmw_light_primaryContainer</item>
		<item name="colorOnPrimaryContainer">@color/green_bmw_light_onPrimaryContainer</item>

		<item name="colorSecondary">@color/green_bmw_light_secondary</item>
		<item name="colorOnSecondary">@color/green_bmw_light_onSecondary</item>
		<item name="colorSecondaryContainer">@color/green_bmw_light_secondaryContainer</item>
		<item name="colorOnSecondaryContainer">@color/green_bmw_light_onSecondaryContainer</item>

		<item name="colorTertiary">@color/green_bmw_light_tertiary</item>
		<item name="colorOnTertiary">@color/green_bmw_light_onTertiary</item>
		<item name="colorTertiaryContainer">@color/green_bmw_light_tertiaryContainer</item>
		<item name="colorOnTertiaryContainer">@color/green_bmw_light_onTertiaryContainer</item>

		<item name="colorError">@color/green_bmw_light_error</item>
		<item name="colorErrorContainer">@color/green_bmw_light_errorContainer</item>
		<item name="colorOnError">@color/green_bmw_light_onError</item>
		<item name="colorOnErrorContainer">@color/green_bmw_light_onErrorContainer</item>

		<item name="android:colorBackground">@color/green_bmw_light_background</item>
		<item name="colorOnBackground">@color/green_bmw_light_onBackground</item>

		<item name="colorSurface">@color/green_bmw_light_surface</item>
		<item name="colorOnSurface">@color/green_bmw_light_onSurface</item>
		<item name="colorSurfaceVariant">@color/green_bmw_light_surfaceVariant</item>
		<item name="colorOnSurfaceVariant">@color/green_bmw_light_onSurfaceVariant</item>
		<item name="colorOutline">@color/green_bmw_light_outline</item>
		<item name="colorOnSurfaceInverse">@color/green_bmw_light_inverseOnSurface</item>
		<item name="colorSurfaceInverse">@color/green_bmw_light_inverseSurface</item>
		<item name="colorPrimaryInverse">@color/green_bmw_light_inversePrimary</item>
		

	</style>

	<style name="Theme.NavigationGraph.GreenBmw.Base" parent="Theme.Material3.Light.NoActionBar">

		<!--NavigationBar-->
		<item name="android:windowLightNavigationBar">true</item>
		<item name="android:navigationBarColor">#80FFFFFF</item>

		<!--Vehicle Image-->
		<item name="vehicle_image">@drawable/bmw_green</item>

		<!--colorPagerIndicator-->
		<item name ="colorPagerIndicator">@color/black</item>

		<!--AlertDialogRoundedCornersTheme style-->
		<item name="materialAlertDialogTheme">@style/AlertDialogRoundedCornersTheme</item>

	</style>
	<!--END OF GREEN BMW LITE THEME-->

	
	<style name="Theme.NavigationGraph.AppBarOverlay" parent="ThemeOverlay.Material3.Dark.ActionBar" />
	<style name="Theme.NavigationGraph.PopupOverlay" parent="ThemeOverlay.Material3.Light" />

</resources>
