﻿<?xml version="1.0" encoding="utf-8" ?>
<resources>

	<style name="Theme.NavigationGraph.RedBmw.Starting" parent="Theme.SplashScreen.IconBackground">
		
		<!--<item name="windowSplashScreenAnimatedIcon">@drawable/splash_logo</item>-->
		
		<item name="windowSplashScreenAnimatedIcon">@mipmap/appicon_foreground</item>
		<item name="windowSplashScreenIconBackgroundColor">@color/ic_launcher_background</item>
		<item name="windowSplashScreenBackground">?android:colorBackground</item>
		<item name="postSplashScreenTheme">@style/Theme.NavigationGraph.RedBmw</item>
	</style>
	
</resources>
